{"cameraMode":{"drawMode":0,"name":"Shaded","section":"Shading Mode"},"sceneLighting":false,"audioPlay":false,"sceneViewState":{"m_AlwaysRefresh":false,"showFog":true,"showSkybox":false,"showFlares":true,"showImageEffects":true,"showParticleSystems":true,"showVisualEffectGraphs":true,"m_FxEnabled":true},"in2DMode":false,"pivot":{"x":-0.4430576264858246,"y":-15.373088836669922,"z":4.294824600219727},"rotation":{"x":-0.6074104905128479,"y":0.005240873899310827,"z":-0.004007072653621435,"w":-0.7943673729896545},"size":16.125865936279298,"orthographic":false}