{"cameraMode":{"drawMode":0,"name":"Shaded","section":"Shading Mode"},"sceneLighting":true,"audioPlay":false,"sceneViewState":{"m_AlwaysRefresh":false,"showFog":true,"showSkybox":true,"showFlares":true,"showImageEffects":true,"showParticleSystems":true,"showVisualEffectGraphs":true,"m_FxEnabled":true},"in2DMode":false,"pivot":{"x":1.2240171432495118,"y":1.2942065000534058,"z":0.05399918556213379},"rotation":{"x":-0.06019729748368263,"y":0.9053173661231995,"z":-0.13711212575435639,"w":-0.3974670171737671},"size":1.6393293142318726,"orthographic":false}