{"cameraMode":{"drawMode":0,"name":"Shaded","section":"Shading Mode"},"sceneLighting":false,"audioPlay":false,"sceneViewState":{"m_AlwaysRefresh":false,"showFog":true,"showSkybox":false,"showFlares":true,"showImageEffects":true,"showParticleSystems":true,"showVisualEffectGraphs":true,"m_FxEnabled":true},"in2DMode":false,"pivot":{"x":0.013120651245117188,"y":1.4674606323242188,"z":-0.10910463333129883},"rotation":{"x":-0.4221172034740448,"y":0.09408823400735855,"z":-0.04410140961408615,"w":-0.900579571723938},"size":6.556092739105225,"orthographic":false}