{"cameraMode":{"drawMode":0,"name":"Shaded","section":"Shading Mode"},"sceneLighting":false,"audioPlay":false,"sceneViewState":{"m_AlwaysRefresh":false,"showFog":true,"showSkybox":false,"showFlares":true,"showImageEffects":true,"showParticleSystems":true,"showVisualEffectGraphs":true,"m_FxEnabled":true},"in2DMode":false,"pivot":{"x":-1.7746484279632569,"y":5.691675186157227,"z":-10.446344375610352},"rotation":{"x":0.22633734345436097,"y":0.005839677527546883,"z":-0.0013456112938001752,"w":0.9740747809410095},"size":13.537763595581055,"orthographic":false}