{"cameraMode":{"drawMode":0,"name":"Shaded","section":"Shading Mode"},"sceneLighting":false,"audioPlay":false,"sceneViewState":{"m_AlwaysRefresh":false,"showFog":true,"showSkybox":false,"showFlares":true,"showImageEffects":true,"showParticleSystems":true,"showVisualEffectGraphs":true,"m_FxEnabled":true},"in2DMode":false,"pivot":{"x":0.2421565055847168,"y":-6.275650978088379,"z":17.616918563842775},"rotation":{"x":-0.20994119346141816,"y":0.052488088607788089,"z":-0.011422229930758477,"w":-0.9763643145561218},"size":17.574188232421876,"orthographic":false}