{"cameraMode":{"drawMode":0,"name":"Shaded","section":"Shading Mode"},"sceneLighting":false,"audioPlay":false,"sceneViewState":{"m_AlwaysRefresh":false,"showFog":true,"showSkybox":false,"showFlares":true,"showImageEffects":true,"showParticleSystems":true,"showVisualEffectGraphs":true,"m_FxEnabled":true},"in2DMode":false,"pivot":{"x":0.013120651245117188,"y":1.4674606323242188,"z":-0.10911941528320313},"rotation":{"x":-0.34838777780532839,"y":-0.00032571356859989464,"z":-0.00011385470133973286,"w":-0.9374788999557495},"size":10.879477500915528,"orthographic":false}