{"cameraMode":{"drawMode":0,"name":"Shaded","section":"Shading Mode"},"sceneLighting":false,"audioPlay":false,"sceneViewState":{"m_AlwaysRefresh":false,"showFog":true,"showSkybox":false,"showFlares":true,"showImageEffects":true,"showParticleSystems":true,"showVisualEffectGraphs":true,"m_FxEnabled":true},"in2DMode":false,"pivot":{"x":0.5922971367835999,"y":-5.1519246101379398,"z":0.07060384750366211},"rotation":{"x":-0.4444791376590729,"y":0.029219970107078553,"z":-0.014753315597772599,"w":-0.895326554775238},"size":7.861405372619629,"orthographic":false}