{"cameraMode":{"drawMode":0,"name":"Shaded","section":"Shading Mode"},"sceneLighting":false,"audioPlay":false,"sceneViewState":{"m_AlwaysRefresh":false,"showFog":true,"showSkybox":false,"showFlares":true,"showImageEffects":true,"showParticleSystems":true,"showVisualEffectGraphs":true,"m_FxEnabled":true},"in2DMode":false,"pivot":{"x":-9.590060234069825,"y":6.175110816955566,"z":-5.014398574829102},"rotation":{"x":0.2626383602619171,"y":0.021701868623495103,"z":-0.005908019375056028,"w":0.9646867513656616},"size":14.054353713989258,"orthographic":false}