{"cameraMode":{"drawMode":0,"name":"Shaded","section":"Shading Mode"},"sceneLighting":false,"audioPlay":false,"sceneViewState":{"m_AlwaysRefresh":false,"showFog":true,"showSkybox":false,"showFlares":true,"showImageEffects":true,"showParticleSystems":true,"showVisualEffectGraphs":true,"m_FxEnabled":true},"in2DMode":false,"pivot":{"x":4.8421149253845219,"y":-1.4632024765014649,"z":2.0882062911987306},"rotation":{"x":-0.27148425579071047,"y":-0.09687235206365586,"z":0.027149764820933343,"w":-0.9573034048080444},"size":6.585842609405518,"orthographic":false}