{"cameraMode":{"drawMode":0,"name":"Shaded","section":"Shading Mode"},"sceneLighting":false,"audioPlay":false,"sceneViewState":{"m_AlwaysRefresh":false,"showFog":true,"showSkybox":false,"showFlares":true,"showImageEffects":true,"showParticleSystems":true,"showVisualEffectGraphs":true,"m_FxEnabled":true},"in2DMode":false,"pivot":{"x":0.013120651245117188,"y":1.4674606323242188,"z":-0.10910463333129883},"rotation":{"x":-0.3887389004230499,"y":0.01902458816766739,"z":-0.008250855840742588,"w":-0.9212481379508972},"size":10.879476547241211,"orthographic":false}