{"cameraMode":{"drawMode":0,"name":"Shaded","section":"Shading Mode"},"sceneLighting":false,"audioPlay":false,"sceneViewState":{"m_AlwaysRefresh":false,"showFog":true,"showSkybox":false,"showFlares":true,"showImageEffects":true,"showParticleSystems":true,"showVisualEffectGraphs":true,"m_FxEnabled":true},"in2DMode":false,"pivot":{"x":-3.2254695892333986,"y":8.152867317199707,"z":-7.412351608276367},"rotation":{"x":0.19504284858703614,"y":-0.07055746018886566,"z":0.01407964713871479,"w":0.9781976342201233},"size":16.429845809936525,"orthographic":false}