{"cameraMode":{"drawMode":0,"name":"Shaded","section":"Shading Mode"},"sceneLighting":false,"audioPlay":false,"sceneViewState":{"m_AlwaysRefresh":false,"showFog":true,"showSkybox":false,"showFlares":true,"showImageEffects":true,"showParticleSystems":true,"showVisualEffectGraphs":true,"m_FxEnabled":true},"in2DMode":false,"pivot":{"x":-2.412388563156128,"y":2.256195068359375,"z":0.19716119766235352},"rotation":{"x":-0.47784411907196047,"y":-0.017920363694429399,"z":0.009750830940902233,"w":-0.8782137632369995},"size":7.0687174797058109,"orthographic":false}