{"cameraMode":{"drawMode":0,"name":"Shaded","section":"Shading Mode"},"sceneLighting":false,"audioPlay":false,"sceneViewState":{"m_AlwaysRefresh":false,"showFog":true,"showSkybox":false,"showFlares":true,"showImageEffects":true,"showParticleSystems":true,"showVisualEffectGraphs":true,"m_FxEnabled":true},"in2DMode":false,"pivot":{"x":-0.027205228805541993,"y":-3.4547338485717775,"z":2.3062610626220705},"rotation":{"x":-0.3887389004230499,"y":0.01902458816766739,"z":-0.008250855840742588,"w":-0.9212481379508972},"size":9.703557014465332,"orthographic":false}