{"cameraMode":{"drawMode":0,"name":"Shaded","section":"Shading Mode"},"sceneLighting":false,"audioPlay":false,"sceneViewState":{"m_AlwaysRefresh":false,"showFog":true,"showSkybox":false,"showFlares":true,"showImageEffects":true,"showParticleSystems":true,"showVisualEffectGraphs":true,"m_FxEnabled":true},"in2DMode":false,"pivot":{"x":0.06841301918029785,"y":-4.471839427947998,"z":2.508944034576416},"rotation":{"x":-0.33722954988479617,"y":-0.08120327442884445,"z":0.029206952080130578,"w":-0.9374727010726929},"size":6.6230244636535648,"orthographic":false}